{
  "system": "Air3D",
  "grid_points": 101,
  "bounds": {
    "x1": [
      -1.0,
      1.0
    ],
    "x2": [
      -1.0,
      1.0
    ],
    "x3": [
      -3.141592653589793,
      3.141592653589793
    ]
  },
  "params": {
    "speed": 0.75,
    "omega_max": 3.0,
    "beta": 0.25
  },
  "t_max": 1.0,
  "t_step": 0.05,
  "solve_time_s": 22.68,
  "peak_memory_mb": 20.65,
  "result_shape": [
    101,
    101,
    101
  ]
}