{
  "system": "Dubins3D",
  "grid_points": 101,
  "bounds": {
    "x": [
      -1.0,
      1.0
    ],
    "y": [
      -1.0,
      1.0
    ],
    "theta": [
      -3.141592653589793,
      3.141592653589793
    ]
  },
  "params": {
    "speed": 0.6,
    "omega_max": 1.1,
    "goal_r": 0.2
  },
  "t_max": 1.0,
  "t_step": 0.05,
  "solve_time_s": 3.74,
  "peak_memory_mb": 20.44,
  "result_shape": [
    101,
    101,
    101
  ]
}